cwe,freq_ai,out_strength,in_strength,changeability_index,pagerank,dependent_reach,avg_depth,p_impact
CWE-1333,1,0,0,0.0,0.0,12,1.3333333333333333,0.0
CWE-502,1,0,0,0.0,0.0,14,1.2142857142857142,0.2499999999999375
CWE-79,1,0,0,0.0,0.0,16,2.6875,0.499999999999875
CWE-354,1,0,0,0.0,0.0,12,2.9166666666666665,0.0
