{
  "year": 2024,
  "nodes": 60,
  "edges": 177,
  "density": 0.1,
  "diameter_giant": 5.0,
  "avg_path_len_giant": 2.49774011299435,
  "avg_clustering": 0.23744885833121135,
  "degree_assortativity": -0.08765958487052822,
  "components": 1,
  "giant_component_size": 60
}