{
  "year": 2025,
  "nodes": 57,
  "edges": 178,
  "density": 0.11152882205513784,
  "diameter_giant": 4,
  "avg_clustering": 0.2778987071250321,
  "degree_assortativity": -0.2696817224334631,
  "components": 4,
  "giant_component_size": 54,
  "active_nodes": 57
}