{
  "year": 2023,
  "nodes": 28,
  "edges": 56,
  "density": 0.14814814814814814,
  "diameter_giant": 4,
  "avg_clustering": 0.17473201401772828,
  "degree_assortativity": -0.3004694835680761,
  "components": 3,
  "giant_component_size": 26,
  "active_nodes": 28
}