{
  "year": 2024,
  "nodes": 59,
  "edges": 169,
  "density": 0.09877264757451783,
  "diameter_giant": 5,
  "avg_clustering": 0.2291532329418671,
  "degree_assortativity": -0.07711975318187875,
  "components": 1,
  "giant_component_size": 59,
  "active_nodes": 59
}