{
  "year": 2025,
  "nodes": 57,
  "edges": 181,
  "density": 0.11340852130325814,
  "diameter_giant": 4,
  "avg_clustering": 0.2778987071250321,
  "degree_assortativity": -0.2550359149402766,
  "components": 4,
  "giant_component_size": 54,
  "active_nodes": 57
}