metric,ai_mean,non_ai_mean,p_value,sig
degree,28.296296296296298,4.032722513089006,1.5202566952000197e-16,***
in_degree,3.740740740740741,2.200261780104712,0.015212067154300497,*
betweenness,0.00022531186075376022,5.099907085881587e-06,1.1410227578700891e-29,***
pagerank,0.0006954256209530638,0.0006421619818286965,0.30042241836716543,ns
